filename,label,width,height
acne.0.jpg,acne,533,400
acne.01.jpg,acne,820,565
acne.02.jpg,acne,820,565
acne.03.jpg,acne,819,491
acne.04.jpg,acne,818,478
acne.1.jpg,acne,1200,900
acne.10.jpg,acne,591,591
acne.1001.jpg,acne,360,248
acne.1002.jpg,acne,360,248
acne.1003.jpg,acne,360,248
acne.1004.jpg,acne,360,248
acne.1011.jpg,acne,360,302
acne.1012.jpg,acne,360,302
acne.1013.jpg,acne,360,302
acne.1014.jpg,acne,360,302
acne.1021.jpg,acne,360,235
acne.1022.jpg,acne,360,235
acne.1023.jpg,acne,360,236
acne.1024.jpg,acne,360,236
acne.1031.jpg,acne,360,234
acne.1032.jpg,acne,360,234
acne.1033.jpg,acne,360,234
acne.1034.jpg,acne,360,234
acne.1043.jpg,acne,360,236
acne.1044.jpg,acne,360,236
acne.1051.jpg,acne,360,233
acne.1052.jpg,acne,360,233
acne.1053.jpg,acne,360,233
acne.1054.jpg,acne,360,233
acne.1061.jpg,acne,360,239
acne.1062.jpg,acne,360,239
acne.1063.jpg,acne,360,240
acne.1064.jpg,acne,360,240
acne.1081.jpg,acne,360,239
acne.1082.jpg,acne,360,239
acne.1083.jpg,acne,360,240
acne.1084.jpg,acne,360,240
acne.1091.jpg,acne,360,239
acne.1092.jpg,acne,360,239
acne.1093.jpg,acne,360,239
acne.1094.jpg,acne,360,239
acne.11.jpg,acne,820,565
acne.1101.jpg,acne,360,237
acne.1102.jpg,acne,360,237
acne.1103.jpg,acne,360,237
acne.1104.jpg,acne,360,237
acne.111.jpg,acne,790,450
acne.1111.jpg,acne,324,360
acne.1112.jpg,acne,325,360
acne.1113.jpg,acne,324,360
acne.1114.jpg,acne,325,360
acne.112.jpg,acne,1920,1100
acne.1121.jpg,acne,360,236
acne.1122.jpg,acne,360,236
acne.1123.jpg,acne,360,236
acne.1124.jpg,acne,360,236
acne.113.jpg,acne,1080,900
acne.1131.jpg,acne,360,329
acne.1132.jpg,acne,360,329
acne.1133.jpg,acne,360,329
acne.1134.jpg,acne,360,329
acne.114.jpg,acne,732,549
acne.1141.jpg,acne,296,360
acne.1142.jpg,acne,296,360
acne.1143.jpg,acne,296,360
acne.1144.jpg,acne,296,360
acne.115.jpg,acne,1100,714
acne.1151.jpg,acne,238,360
acne.1152.jpg,acne,239,360
acne.1153.jpg,acne,238,360
acne.1154.jpg,acne,239,360
acne.116.jpg,acne,450,300
acne.1162.jpg,acne,239,360
acne.1163.jpg,acne,238,360
acne.1164.jpg,acne,239,360
acne.117.jpg,acne,380,310
acne.1171.jpg,acne,360,237
acne.1172.jpg,acne,360,237
acne.1173.jpg,acne,360,237
acne.1174.jpg,acne,360,237
acne.118.jpg,acne,640,640
acne.1181.jpg,acne,360,236
acne.1182.jpg,acne,360,236
acne.1183.jpg,acne,360,236
acne.1184.jpg,acne,360,236
acne.1191.jpg,acne,360,236
acne.1192.jpg,acne,360,236
acne.1193.jpg,acne,360,236
acne.1194.jpg,acne,360,236
acne.12.jpg,acne,820,565
acne.120.jpg,acne,924,924
acne.1201.jpg,acne,360,236
acne.1202.jpg,acne,360,236
acne.1203.jpg,acne,360,236
acne.1204.jpg,acne,360,236
acne.1211.jpg,acne,360,236
acne.1213.jpg,acne,360,237
acne.1214.jpg,acne,360,237
acne.1221.jpg,acne,360,239
acne.1222.jpg,acne,360,239
acne.1223.jpg,acne,360,240
acne.1224.jpg,acne,360,240
acne.1231.jpg,acne,360,236
acne.1232.jpg,acne,360,236
acne.1233.jpg,acne,360,236
acne.1234.jpg,acne,360,236
acne.1241.jpg,acne,360,240
acne.1242.jpg,acne,360,240
acne.1243.jpg,acne,360,240
acne.13.jpg,acne,813,498
acne.14.jpg,acne,819,479
acne.143.jpg,acne,360,236
acne.144.jpg,acne,360,236
acne.151.jpg,acne,360,231
acne.152.jpg,acne,360,231
acne.153.jpg,acne,360,232
acne.154.jpg,acne,360,232
acne.161.jpg,acne,360,236
acne.162.jpg,acne,360,236
acne.163.jpg,acne,360,236
acne.164.jpg,acne,360,236
acne.171.jpg,acne,360,233
acne.172.jpg,acne,360,233
acne.173.jpg,acne,360,233
acne.174.jpg,acne,360,233
acne.181.jpg,acne,360,232
acne.182.jpg,acne,360,232
acne.183.jpg,acne,360,233
acne.184.jpg,acne,360,233
acne.191.jpg,acne,360,233
acne.192.jpg,acne,360,233
acne.193.jpg,acne,360,234
acne.194.jpg,acne,360,234
acne.2.jpg,acne,770,533
acne.21.jpg,acne,820,565
acne.22.jpg,acne,820,565
acne.221.jpg,acne,360,299
acne.222.jpg,acne,360,299
acne.223.jpg,acne,360,299
acne.224.jpg,acne,360,299
acne.23.jpg,acne,819,484
acne.231.jpg,acne,360,236
acne.232.jpg,acne,360,236
acne.233.jpg,acne,360,236
acne.234.jpg,acne,360,236
acne.24.jpg,acne,813,474
acne.241.jpg,acne,236,360
acne.243.jpg,acne,236,360
acne.244.jpg,acne,236,360
acne.253.jpg,acne,360,240
acne.263.jpg,acne,360,236
acne.264.jpg,acne,360,236
acne.292.jpg,acne,360,330
acne.293.jpg,acne,360,331
acne.294.jpg,acne,360,331
acne.3.jpg,acne,500,375
acne.31.jpg,acne,820,565
acne.311.jpg,acne,360,238
acne.312.jpg,acne,360,238
acne.313.jpg,acne,360,239
acne.314.jpg,acne,360,239
acne.32.jpg,acne,820,565
acne.322.jpg,acne,360,237
acne.323.jpg,acne,360,237
acne.324.jpg,acne,360,237
acne.33.jpg,acne,819,492
acne.331.jpg,acne,360,235
acne.332.jpg,acne,360,235
acne.333.jpg,acne,360,236
acne.334.jpg,acne,360,236
acne.34.jpg,acne,817,481
acne.341.jpg,acne,360,238
acne.342.jpg,acne,360,238
acne.343.jpg,acne,360,239
acne.344.jpg,acne,360,239
acne.351.jpg,acne,360,236
acne.353.jpg,acne,360,236
acne.361.jpg,acne,360,236
acne.362.jpg,acne,360,236
acne.363.jpg,acne,360,236
acne.364.jpg,acne,360,236
acne.371.jpg,acne,360,236
acne.372.jpg,acne,360,236
acne.381.jpg,acne,360,236
acne.384.jpg,acne,360,236
acne.392.jpg,acne,360,234
acne.394.jpg,acne,360,235
acne.4.jpg,acne,1002,564
acne.402.jpg,acne,360,237
acne.404.jpg,acne,360,238
acne.41.jpg,acne,360,236
acne.411.jpg,acne,360,239
acne.412.jpg,acne,360,239
acne.413.jpg,acne,360,240
acne.42.jpg,acne,360,236
acne.423.jpg,acne,360,236
acne.424.jpg,acne,360,236
acne.441.jpg,acne,360,236
acne.444.jpg,acne,360,236
acne.461.jpg,acne,236,360
acne.462.jpg,acne,236,360
acne.463.jpg,acne,236,360
acne.5.jpg,acne,1440,810
acne.502.jpg,acne,360,234
acne.503.jpg,acne,360,235
acne.504.jpg,acne,360,235
acne.513.jpg,acne,235,360
acne.522.jpg,acne,237,360
acne.523.jpg,acne,236,360
acne.524.jpg,acne,237,360
acne.533.jpg,acne,235,360
acne.534.jpg,acne,236,360
acne.571.jpg,acne,360,305
acne.573.jpg,acne,360,305
acne.574.jpg,acne,360,305
acne.6.jpg,acne,600,400
acne.611.jpg,acne,360,237
acne.612.jpg,acne,360,237
acne.613.jpg,acne,360,238
acne.614.jpg,acne,360,238
acne.621.jpg,acne,360,236
acne.622.jpg,acne,360,236
acne.623.jpg,acne,360,236
acne.624.jpg,acne,360,236
acne.661.jpg,acne,360,236
acne.662.jpg,acne,360,236
acne.663.jpg,acne,360,237
acne.7.jpg,acne,1500,1500
acne.741.jpg,acne,245,360
acne.751.jpg,acne,360,236
acne.752.jpg,acne,360,236
acne.754.jpg,acne,360,236
acne.761.jpg,acne,360,236
acne.762.jpg,acne,360,236
acne.763.jpg,acne,360,236
acne.764.jpg,acne,360,236
acne.791.jpg,acne,360,236
acne.792.jpg,acne,360,236
acne.793.jpg,acne,360,236
acne.794.jpg,acne,360,236
acne.8.jpg,acne,960,961
acne.801.jpg,acne,360,236
acne.802.jpg,acne,360,236
acne.803.jpg,acne,360,236
acne.804.jpg,acne,360,236
acne.811.jpg,acne,360,240
acne.812.jpg,acne,360,240
acne.813.jpg,acne,360,240
acne.814.jpg,acne,360,240
acne.821.jpg,acne,360,240
acne.822.jpg,acne,360,240
acne.823.jpg,acne,360,240
acne.824.jpg,acne,360,240
acne.831.jpg,acne,360,240
acne.832.jpg,acne,360,240
acne.833.jpg,acne,360,240
acne.834.jpg,acne,360,240
acne.841.jpg,acne,360,240
acne.842.jpg,acne,360,240
acne.843.jpg,acne,360,240
acne.844.jpg,acne,360,240
acne.851.jpg,acne,360,240
acne.852.jpg,acne,360,240
acne.853.jpg,acne,360,240
acne.854.jpg,acne,360,240
acne.861.jpg,acne,360,240
acne.862.jpg,acne,360,240
acne.863.jpg,acne,360,240
acne.864.jpg,acne,360,240
acne.871.jpg,acne,360,234
acne.872.jpg,acne,360,234
acne.873.jpg,acne,360,234
acne.874.jpg,acne,360,234
acne.881.jpg,acne,360,239
acne.882.jpg,acne,360,239
acne.883.jpg,acne,360,240
acne.884.jpg,acne,360,240
acne.891.jpg,acne,360,236
acne.892.jpg,acne,360,236
acne.893.jpg,acne,360,237
acne.894.jpg,acne,360,237
acne.951.jpg,acne,360,233
acne.952.jpg,acne,360,233
acne.953.jpg,acne,360,234
acne.954.jpg,acne,360,234
acne.961.jpg,acne,360,230
acne.962.jpg,acne,360,230
acne.963.jpg,acne,360,231
acne.964.jpg,acne,360,231
acne.971.jpg,acne,360,237
acne.972 - Copy.jpg,acne,360,237
acne.973.jpg,acne,360,238
acne.974.jpg,acne,360,238
acne.981.jpg,acne,360,237
acne.982.jpg,acne,360,237
acne.983.jpg,acne,360,238
acne.984.jpg,acne,360,238
acne.991.jpg,acne,360,237
acne.992.jpg,acne,360,237
acne.993.jpg,acne,360,237
acne.994.jpg,acne,360,237
carcinoma.1.jpg,carcinoma,1355,996
carcinoma.10.jpg,carcinoma,634,634
carcinoma.100.jpg,carcinoma,1449,935
carcinoma.101.jpg,carcinoma,1375,1000
carcinoma.102.jpg,carcinoma,1544,1042
carcinoma.103.jpg,carcinoma,1397,869
carcinoma.104.jpg,carcinoma,1019,627
carcinoma.105.jpg,carcinoma,1280,955
carcinoma.106.jpg,carcinoma,1391,985
carcinoma.107.jpg,carcinoma,235,273
carcinoma.108.jpg,carcinoma,1566,1053
carcinoma.109.jpg,carcinoma,1372,1049
carcinoma.11.jpg,carcinoma,494,494
carcinoma.110.jpg,carcinoma,1179,856
carcinoma.111.jpg,carcinoma,1427,959
carcinoma.112.jpg,carcinoma,1389,963
carcinoma.113.jpg,carcinoma,2624,1876
carcinoma.114.jpg,carcinoma,578,521
carcinoma.115.jpg,carcinoma,803,803
carcinoma.116.jpg,carcinoma,1080,1080
carcinoma.117.jpg,carcinoma,1250,1250
carcinoma.118.jpg,carcinoma,1365,1013
carcinoma.119.jpg,carcinoma,1151,1151
carcinoma.12.jpg,carcinoma,448,448
carcinoma.120.jpg,carcinoma,1069,1070
carcinoma.121.jpg,carcinoma,879,879
carcinoma.122.jpg,carcinoma,964,963
carcinoma.123.jpg,carcinoma,492,493
carcinoma.124.jpg,carcinoma,1026,1026
carcinoma.125.jpg,carcinoma,284,284
carcinoma.126.jpg,carcinoma,907,907
carcinoma.127.jpg,carcinoma,1328,1328
carcinoma.128.jpg,carcinoma,372,372
carcinoma.129.jpg,carcinoma,432,288
carcinoma.13.jpg,carcinoma,1485,1055
carcinoma.130.jpg,carcinoma,1612,1144
carcinoma.131.jpg,carcinoma,300,257
carcinoma.132.jpg,carcinoma,340,240
carcinoma.133.jpg,carcinoma,225,225
carcinoma.134.jpg,carcinoma,300,179
carcinoma.135.jpg,carcinoma,3504,2336
carcinoma.136.jpg,carcinoma,536,286
carcinoma.137.jpg,carcinoma,302,200
carcinoma.138.jpg,carcinoma,1200,1818
carcinoma.139.jpg,carcinoma,300,300
carcinoma.14.jpg,carcinoma,604,605
carcinoma.140.jpg,carcinoma,495,400
carcinoma.141.jpg,carcinoma,220,222
carcinoma.142.jpg,carcinoma,320,322
carcinoma.143.jpg,carcinoma,800,531
carcinoma.144.jpg,carcinoma,380,285
carcinoma.145.jpg,carcinoma,800,600
carcinoma.146.jpg,carcinoma,321,260
carcinoma.147.jpg,carcinoma,1979,2152
carcinoma.148.jpg,carcinoma,370,370
carcinoma.149.jpg,carcinoma,400,400
carcinoma.15.jpg,carcinoma,727,727
carcinoma.150.jpg,carcinoma,443,323
carcinoma.151.jpg,carcinoma,393,262
carcinoma.152.jpg,carcinoma,305,300
carcinoma.153.jpg,carcinoma,361,359
carcinoma.154.jpg,carcinoma,2344,1758
carcinoma.155.jpg,carcinoma,1440,680
carcinoma.156.jpg,carcinoma,400,400
carcinoma.157.jpg,carcinoma,306,226
carcinoma.158.jpg,carcinoma,1500,1000
carcinoma.159.jpg,carcinoma,730,389
carcinoma.16.jpg,carcinoma,750,750
carcinoma.17.jpg,carcinoma,628,629
carcinoma.18.jpg,carcinoma,360,360
carcinoma.19.jpg,carcinoma,626,626
carcinoma.2.jpg,carcinoma,1572,1108
carcinoma.20.jpg,carcinoma,708,708
carcinoma.21.jpg,carcinoma,1003,1003
carcinoma.22.jpg,carcinoma,1144,1144
carcinoma.23.jpg,carcinoma,1144,1144
carcinoma.24.jpg,carcinoma,1399,1399
carcinoma.25.jpg,carcinoma,1267,1267
carcinoma.26.jpg,carcinoma,534,534
carcinoma.27.jpg,carcinoma,446,446
carcinoma.28.jpg,carcinoma,1468,1468
carcinoma.29.jpg,carcinoma,1242,1242
carcinoma.3.jpg,carcinoma,619,619
carcinoma.30.jpg,carcinoma,2661,2661
carcinoma.31.jpg,carcinoma,193,193
carcinoma.32.jpg,carcinoma,193,193
carcinoma.33.jpg,carcinoma,631,631
carcinoma.34.jpg,carcinoma,1575,1055
carcinoma.35.jpg,carcinoma,388,388
carcinoma.36.jpg,carcinoma,1495,1495
carcinoma.37.jpg,carcinoma,923,923
carcinoma.38.jpg,carcinoma,838,838
carcinoma.39.jpg,carcinoma,491,491
carcinoma.4.jpg,carcinoma,467,467
carcinoma.40.jpg,carcinoma,1129,1129
carcinoma.41.jpg,carcinoma,433,433
carcinoma.42.jpg,carcinoma,1381,1381
carcinoma.43.jpg,carcinoma,534,534
carcinoma.44.jpg,carcinoma,540,540
carcinoma.45.jpg,carcinoma,1247,976
carcinoma.46.jpg,carcinoma,564,564
carcinoma.47.jpg,carcinoma,1071,843
carcinoma.48.jpg,carcinoma,1424,991
carcinoma.49.jpg,carcinoma,1527,1048
carcinoma.5.jpg,carcinoma,727,727
carcinoma.50.jpg,carcinoma,1454,1034
carcinoma.51.jpg,carcinoma,1461,1044
carcinoma.52.jpg,carcinoma,1542,1033
carcinoma.53.jpg,carcinoma,1567,1024
carcinoma.54.jpg,carcinoma,1451,1001
carcinoma.55.jpg,carcinoma,1548,1082
carcinoma.56.jpg,carcinoma,934,792
carcinoma.57.jpg,carcinoma,1558,1073
carcinoma.58.jpg,carcinoma,1272,995
carcinoma.59.jpg,carcinoma,246,325
carcinoma.6.jpg,carcinoma,708,708
carcinoma.60.jpg,carcinoma,1426,973
carcinoma.61.jpg,carcinoma,242,358
carcinoma.62.jpg,carcinoma,244,324
carcinoma.63.jpg,carcinoma,255,296
carcinoma.64.jpg,carcinoma,1526,1001
carcinoma.65.jpg,carcinoma,1523,984
carcinoma.66.jpg,carcinoma,1353,978
carcinoma.67.jpg,carcinoma,1518,973
carcinoma.68.jpg,carcinoma,539,480
carcinoma.69.jpg,carcinoma,952,765
carcinoma.7.jpg,carcinoma,1485,1485
carcinoma.70.jpg,carcinoma,1482,964
carcinoma.71.jpg,carcinoma,1505,973
carcinoma.72.jpg,carcinoma,1331,1026
carcinoma.73.jpg,carcinoma,1225,894
carcinoma.74.jpg,carcinoma,228,330
carcinoma.75.jpg,carcinoma,1540,987
carcinoma.76.jpg,carcinoma,1486,983
carcinoma.77.jpg,carcinoma,1465,998
carcinoma.78.jpg,carcinoma,1446,1059
carcinoma.79.jpg,carcinoma,1525,1039
carcinoma.8.jpg,carcinoma,352,352
carcinoma.80.jpg,carcinoma,244,287
carcinoma.81.jpg,carcinoma,1538,1053
carcinoma.82.jpg,carcinoma,1563,1054
carcinoma.83.jpg,carcinoma,1551,1000
carcinoma.84.jpg,carcinoma,253,346
carcinoma.85.jpg,carcinoma,1473,937
carcinoma.86.jpg,carcinoma,1521,1033
carcinoma.87.jpg,carcinoma,1454,967
carcinoma.88.jpg,carcinoma,1590,1009
carcinoma.89.jpg,carcinoma,1463,953
carcinoma.9.jpg,carcinoma,773,772
carcinoma.90.jpg,carcinoma,1413,1042
carcinoma.91.jpg,carcinoma,246,299
carcinoma.92.jpg,carcinoma,242,304
carcinoma.93.jpg,carcinoma,929,667
carcinoma.94.jpg,carcinoma,881,564
carcinoma.95.jpg,carcinoma,974,991
carcinoma.96.jpg,carcinoma,1088,803
carcinoma.97.jpg,carcinoma,896,564
carcinoma.98.jpg,carcinoma,1549,1057
carcinoma.99.jpg,carcinoma,1020,701
eczema.010.jpg,eczema,879,667
eczema.011.jpg,eczema,648,364
eczema.012.jpg,eczema,1641,1877
eczema.013.jpg,eczema,529,357
eczema.1001.jpg,eczema,361,203
eczema.1002.jpg,eczema,361,203
eczema.1003.jpg,eczema,361,203
eczema.1004.jpg,eczema,361,203
eczema.1014.jpg,eczema,578,324
eczema.102.jpg,eczema,208,138
eczema.1024.jpg,eczema,369,207
eczema.1033.jpg,eczema,155,82
eczema.1034.jpg,eczema,155,82
eczema.1041.jpg,eczema,276,400
eczema.1042.jpg,eczema,277,400
eczema.1043.jpg,eczema,276,400
eczema.1044.jpg,eczema,277,400
eczema.1053.jpg,eczema,295,345
eczema.1054.jpg,eczema,513,385
eczema.1063.jpg,eczema,577,324
eczema.1074.jpg,eczema,512,288
eczema.1084.jpg,eczema,513,278
eczema.1091.jpg,eczema,129,97
eczema.1092.jpg,eczema,130,97
eczema.1093.jpg,eczema,129,97
eczema.1094.jpg,eczema,130,97
eczema.11.jpg,eczema,820,565
eczema.1101.jpg,eczema,137,92
eczema.1102.jpg,eczema,137,92
eczema.1103.jpg,eczema,137,92
eczema.1104.jpg,eczema,137,92
eczema.1111.jpg,eczema,400,200
eczema.1112.jpg,eczema,400,200
eczema.1113.jpg,eczema,400,200
eczema.1114.jpg,eczema,400,200
eczema.1121.jpg,eczema,1024,682
eczema.1123.jpg,eczema,653,401
eczema.1124.jpg,eczema,679,397
eczema.113.jpg,eczema,129,97
eczema.1131.jpg,eczema,300,206
eczema.1132.jpg,eczema,300,206
eczema.1134.jpg,eczema,300,206
eczema.114.jpg,eczema,130,97
eczema.1141.jpg,eczema,137,91
eczema.1142.jpg,eczema,138,91
eczema.1143.jpg,eczema,137,92
eczema.1144.jpg,eczema,138,92
eczema.1151.jpg,eczema,468,351
eczema.1152.jpg,eczema,468,351
eczema.1153.jpg,eczema,468,351
eczema.1154.jpg,eczema,468,351
eczema.1161.jpg,eczema,150,84
eczema.1162.jpg,eczema,150,84
eczema.1163.jpg,eczema,150,84
eczema.1164.jpg,eczema,150,84
eczema.1171.jpg,eczema,1060,707
eczema.1172.jpg,eczema,1060,707
eczema.1174.jpg,eczema,1060,707
eczema.1181.jpg,eczema,306,204
eczema.1182.jpg,eczema,306,204
eczema.1183.jpg,eczema,306,204
eczema.1184.jpg,eczema,306,204
eczema.1191.jpg,eczema,137,91
eczema.1192.jpg,eczema,138,91
eczema.1193.jpg,eczema,137,92
eczema.1194.jpg,eczema,138,92
eczema.12.jpg,eczema,820,565
eczema.1201.jpg,eczema,173,115
eczema.1202.jpg,eczema,173,115
eczema.1203.jpg,eczema,173,116
eczema.1204.jpg,eczema,173,116
eczema.1211.jpg,eczema,1000,650
eczema.1212.jpg,eczema,1000,650
eczema.1213.jpg,eczema,1000,650
eczema.1214.jpg,eczema,1000,650
eczema.122.jpg,eczema,155,81
eczema.1222.jpg,eczema,578,324
eczema.1223.jpg,eczema,577,324
eczema.1224.jpg,eczema,578,324
eczema.123.jpg,eczema,155,82
eczema.1231.jpg,eczema,139,90
eczema.1232.jpg,eczema,139,90
eczema.1233.jpg,eczema,139,91
eczema.1234.jpg,eczema,139,91
eczema.124.jpg,eczema,155,82
eczema.1253.jpg,eczema,129,98
eczema.1254.jpg,eczema,129,98
eczema.1263.jpg,eczema,137,92
eczema.1264.jpg,eczema,138,92
eczema.1271.jpg,eczema,155,81
eczema.1272.jpg,eczema,156,81
eczema.1273.jpg,eczema,155,81
eczema.1274.jpg,eczema,156,81
eczema.13.jpg,eczema,591,481
eczema.133.jpg,eczema,107,118
eczema.134.jpg,eczema,108,118
eczema.14.jpg,eczema,707,496
eczema.141.jpg,eczema,238,360
eczema.142.jpg,eczema,239,360
eczema.143.jpg,eczema,238,360
eczema.144.jpg,eczema,239,360
eczema.151.jpg,eczema,238,360
eczema.152.jpg,eczema,239,360
eczema.154.jpg,eczema,239,360
eczema.181.jpg,eczema,238,360
eczema.182.jpg,eczema,239,360
eczema.183.jpg,eczema,238,360
eczema.184.jpg,eczema,239,360
eczema.191.jpg,eczema,360,238
eczema.192.jpg,eczema,360,238
eczema.193.jpg,eczema,360,239
eczema.194.jpg,eczema,360,239
eczema.201.jpg,eczema,360,238
eczema.202.jpg,eczema,360,238
eczema.203.jpg,eczema,360,239
eczema.204.jpg,eczema,360,239
eczema.21.jpg,eczema,820,565
eczema.211.jpg,eczema,360,238
eczema.212.jpg,eczema,360,238
eczema.213.jpg,eczema,360,239
eczema.214.jpg,eczema,360,239
eczema.22.jpg,eczema,820,565
eczema.221.jpg,eczema,240,360
eczema.222.jpg,eczema,240,360
eczema.223.jpg,eczema,240,360
eczema.224.jpg,eczema,240,360
eczema.23.jpg,eczema,637,479
eczema.231.jpg,eczema,240,360
eczema.232.jpg,eczema,240,360
eczema.233.jpg,eczema,235,338
eczema.234.jpg,eczema,238,338
eczema.244.jpg,eczema,357,219
eczema.251.jpg,eczema,238,360
eczema.252.jpg,eczema,239,360
eczema.253.jpg,eczema,238,360
eczema.254.jpg,eczema,239,360
eczema.264.jpg,eczema,239,360
eczema.283.jpg,eczema,360,240
eczema.284.jpg,eczema,360,240
eczema.313.jpg,eczema,236,360
eczema.314.jpg,eczema,236,360
eczema.341.jpg,eczema,240,360
eczema.342.jpg,eczema,240,360
eczema.343.jpg,eczema,240,360
eczema.361.jpg,eczema,361,226
eczema.362.jpg,eczema,356,228
eczema.363.jpg,eczema,352,220
eczema.364.jpg,eczema,355,207
eczema.374.jpg,eczema,360,240
eczema.411.jpg,eczema,360,236
eczema.413.jpg,eczema,360,236
eczema.414.jpg,eczema,360,236
eczema.423.jpg,eczema,360,236
eczema.424.jpg,eczema,360,236
eczema.44.jpg,eczema,648,471
eczema.441.jpg,eczema,360,240
eczema.442.jpg,eczema,360,240
eczema.443.jpg,eczema,360,240
eczema.502.jpg,eczema,360,240
eczema.51.jpg,eczema,441,416
eczema.513.jpg,eczema,360,236
eczema.514.jpg,eczema,360,236
eczema.522.jpg,eczema,360,240
eczema.523.jpg,eczema,360,240
eczema.524.jpg,eczema,360,240
eczema.53.jpg,eczema,569,385
eczema.531.jpg,eczema,360,236
eczema.532.jpg,eczema,360,236
eczema.533.jpg,eczema,360,236
eczema.534.jpg,eczema,360,236
eczema.541.jpg,eczema,238,360
eczema.542.jpg,eczema,239,360
eczema.543.jpg,eczema,238,360
eczema.551.jpg,eczema,129,97
eczema.552.jpg,eczema,130,97
eczema.553.jpg,eczema,129,97
eczema.554.jpg,eczema,130,97
eczema.562.jpg,eczema,442,276
eczema.564.jpg,eczema,442,276
eczema.571.jpg,eczema,137,91
eczema.573.jpg,eczema,137,92
eczema.574.jpg,eczema,138,92
eczema.581.jpg,eczema,250,163
eczema.582.jpg,eczema,250,163
eczema.583.jpg,eczema,250,164
eczema.584.jpg,eczema,250,164
eczema.591.jpg,eczema,622,350
eczema.592.jpg,eczema,623,350
eczema.593.jpg,eczema,622,351
eczema.601.jpg,eczema,320,320
eczema.602.jpg,eczema,320,320
eczema.603.jpg,eczema,320,320
eczema.61.jpg,eczema,129,97
eczema.611.jpg,eczema,159,79
eczema.612.jpg,eczema,159,79
eczema.614.jpg,eczema,159,80
eczema.63.jpg,eczema,129,98
eczema.631.jpg,eczema,750,562
eczema.632.jpg,eczema,750,562
eczema.633.jpg,eczema,750,563
eczema.634.jpg,eczema,750,563
eczema.64.jpg,eczema,129,98
eczema.642.jpg,eczema,300,200
eczema.644.jpg,eczema,300,200
eczema.652.jpg,eczema,564,368
eczema.654.jpg,eczema,564,368
eczema.661.jpg,eczema,400,266
eczema.662.jpg,eczema,400,266
eczema.663.jpg,eczema,400,267
eczema.664.jpg,eczema,400,267
eczema.673.jpg,eczema,172,74
eczema.674.jpg,eczema,172,74
eczema.682.jpg,eczema,150,84
eczema.683.jpg,eczema,150,84
eczema.684.jpg,eczema,150,84
eczema.691.jpg,eczema,137,91
eczema.692.jpg,eczema,138,91
eczema.701.jpg,eczema,137,91
eczema.702.jpg,eczema,138,91
eczema.703.jpg,eczema,137,92
eczema.704.jpg,eczema,138,92
eczema.71.jpg,eczema,600,314
eczema.711.jpg,eczema,137,91
eczema.712.jpg,eczema,138,91
eczema.713.jpg,eczema,137,92
eczema.714.jpg,eczema,138,92
eczema.72.jpg,eczema,600,314
eczema.722.jpg,eczema,291,240
eczema.723.jpg,eczema,291,240
eczema.724.jpg,eczema,291,240
eczema.73.jpg,eczema,600,314
eczema.731.jpg,eczema,129,97
eczema.732.jpg,eczema,130,97
eczema.733.jpg,eczema,129,97
eczema.734.jpg,eczema,130,97
eczema.74.jpg,eczema,600,314
eczema.751.jpg,eczema,282,179
eczema.752.jpg,eczema,196,328
eczema.753.jpg,eczema,400,267
eczema.754.jpg,eczema,400,267
eczema.761.jpg,eczema,129,97
eczema.762.jpg,eczema,129,97
eczema.763.jpg,eczema,129,98
eczema.764.jpg,eczema,129,98
eczema.771.jpg,eczema,137,91
eczema.772.jpg,eczema,138,91
eczema.773.jpg,eczema,137,92
eczema.774.jpg,eczema,138,92
eczema.783.jpg,eczema,137,92
eczema.784.jpg,eczema,138,92
eczema.791.jpg,eczema,300,374
eczema.792.jpg,eczema,300,374
eczema.793.jpg,eczema,300,375
eczema.794.jpg,eczema,300,375
eczema.803.jpg,eczema,93,136
eczema.804.jpg,eczema,93,136
eczema.811.jpg,eczema,325,200
eczema.812.jpg,eczema,325,200
eczema.813.jpg,eczema,325,200
eczema.814.jpg,eczema,325,200
eczema.821.jpg,eczema,512,512
eczema.822.jpg,eczema,512,512
eczema.823.jpg,eczema,404,379
eczema.824.jpg,eczema,397,342
eczema.831.jpg,eczema,118,106
eczema.832.jpg,eczema,119,106
eczema.833.jpg,eczema,118,107
eczema.834.jpg,eczema,119,107
eczema.841.jpg,eczema,150,84
eczema.842.jpg,eczema,150,84
eczema.843.jpg,eczema,150,84
eczema.844.jpg,eczema,150,84
eczema.851.jpg,eczema,136,92
eczema.852.jpg,eczema,136,92
eczema.853.jpg,eczema,136,93
eczema.854.jpg,eczema,136,93
eczema.871.jpg,eczema,326,183
eczema.872.jpg,eczema,327,183
eczema.873.jpg,eczema,326,183
eczema.874.jpg,eczema,327,183
eczema.881.jpg,eczema,1240,942
eczema.882.jpg,eczema,1240,942
eczema.90.jpg,eczema,300,168
eczema.912.jpg,eczema,113,112
eczema.913.jpg,eczema,112,113
eczema.914.jpg,eczema,113,113
eczema.921.jpg,eczema,137,91
eczema.922.jpg,eczema,138,91
eczema.923.jpg,eczema,137,92
eczema.924.jpg,eczema,138,92
eczema.951.jpg,eczema,129,97
eczema.952.jpg,eczema,130,97
eczema.953.jpg,eczema,129,97
eczema.954.jpg,eczema,130,97
eczema.971.jpg,eczema,370,207
eczema.973.jpg,eczema,370,208
eczema.974.jpg,eczema,370,208
eczema.981.jpg,eczema,225,150
eczema.982.jpg,eczema,225,150
eczema.983.jpg,eczema,225,150
eczema.994.jpg,eczema,118,107
keratosis.1.jpg,keratosis,1636,1044
keratosis.10.jpg,keratosis,1532,1039
keratosis.100.jpg,keratosis,294,222
keratosis.101.jpg,keratosis,294,222
keratosis.102.jpg,keratosis,1458,972
keratosis.103.jpg,keratosis,294,222
keratosis.104.jpg,keratosis,294,222
keratosis.105.jpg,keratosis,294,222
keratosis.106.jpg,keratosis,294,222
keratosis.107.jpg,keratosis,294,222
keratosis.108.jpg,keratosis,294,222
keratosis.109.jpg,keratosis,294,222
keratosis.11.jpg,keratosis,1529,1098
keratosis.110.jpg,keratosis,294,222
keratosis.111.jpg,keratosis,294,222
keratosis.112.jpg,keratosis,294,222
keratosis.113.jpg,keratosis,294,222
keratosis.114.jpg,keratosis,294,222
keratosis.115.jpg,keratosis,1772,1250
keratosis.116.jpg,keratosis,294,222
keratosis.117.jpg,keratosis,294,222
keratosis.118.jpg,keratosis,327,218
keratosis.119.jpg,keratosis,1000,1000
keratosis.12.jpg,keratosis,1475,974
keratosis.120.jpg,keratosis,466,343
keratosis.121.jpg,keratosis,534,347
keratosis.122.jpg,keratosis,439,291
keratosis.123.jpg,keratosis,2500,1667
keratosis.124.jpg,keratosis,384,288
keratosis.125.jpg,keratosis,1752,1428
keratosis.126.jpg,keratosis,1200,900
keratosis.127.jpg,keratosis,240,320
keratosis.128.jpg,keratosis,600,600
keratosis.129.jpg,keratosis,225,300
keratosis.13.jpg,keratosis,1551,1044
keratosis.130.jpg,keratosis,500,327
keratosis.131.jpg,keratosis,1200,1200
keratosis.132.jpg,keratosis,1500,1000
keratosis.133.jpg,keratosis,1296,728
keratosis.134.jpg,keratosis,1500,522
keratosis.135.jpg,keratosis,400,370
keratosis.136.jpg,keratosis,600,350
keratosis.137.jpg,keratosis,640,480
keratosis.138.jpg,keratosis,914,1024
keratosis.139.jpg,keratosis,650,458
keratosis.14.jpg,keratosis,1600,1094
keratosis.140.jpg,keratosis,360,344
keratosis.141.jpg,keratosis,360,229
keratosis.142.jpg,keratosis,480,359
keratosis.143.jpg,keratosis,1280,720
keratosis.144.jpg,keratosis,300,223
keratosis.145.jpg,keratosis,480,360
keratosis.146.jpg,keratosis,480,360
keratosis.147.jpg,keratosis,350,380
keratosis.148.jpg,keratosis,640,480
keratosis.149.jpg,keratosis,1200,1528
keratosis.15.jpg,keratosis,1640,1206
keratosis.150.jpg,keratosis,594,462
keratosis.151.jpg,keratosis,1600,1200
keratosis.152.jpg,keratosis,583,467
keratosis.153.jpg,keratosis,1500,1000
keratosis.154.jpg,keratosis,424,518
keratosis.155.jpg,keratosis,275,183
keratosis.156.jpg,keratosis,900,675
keratosis.157.jpg,keratosis,468,375
keratosis.158.jpg,keratosis,1200,1600
keratosis.159.jpg,keratosis,1536,2360
keratosis.16.jpg,keratosis,1615,1111
keratosis.17.jpg,keratosis,1602,1082
keratosis.18.jpg,keratosis,1630,1052
keratosis.19.jpg,keratosis,1620,1034
keratosis.2.jpg,keratosis,1624,1062
keratosis.20.jpg,keratosis,1566,1026
keratosis.21.jpg,keratosis,1544,985
keratosis.22.jpg,keratosis,1533,979
keratosis.23.jpg,keratosis,1295,987
keratosis.24.jpg,keratosis,1436,937
keratosis.25.jpg,keratosis,1493,967
keratosis.26.jpg,keratosis,1526,1104
keratosis.27.jpg,keratosis,1531,1011
keratosis.28.jpg,keratosis,253,340
keratosis.29.jpg,keratosis,250,335
keratosis.3.jpg,keratosis,1628,1047
keratosis.30.jpg,keratosis,1477,1035
keratosis.31.jpg,keratosis,1584,1102
keratosis.32.jpg,keratosis,252,341
keratosis.33.jpg,keratosis,1574,1055
keratosis.34.jpg,keratosis,1583,1067
keratosis.35.jpg,keratosis,1606,1103
keratosis.36.jpg,keratosis,1531,1046
keratosis.37.jpg,keratosis,1509,1022
keratosis.38.jpg,keratosis,1585,1100
keratosis.39.jpg,keratosis,1474,1039
keratosis.4.jpg,keratosis,1609,1017
keratosis.40.jpg,keratosis,1464,1024
keratosis.41.jpg,keratosis,1528,1002
keratosis.42.jpg,keratosis,1499,949
keratosis.43.jpg,keratosis,1380,900
keratosis.44.jpg,keratosis,1454,979
keratosis.45.jpg,keratosis,1550,1022
keratosis.46.jpg,keratosis,1582,1007
keratosis.47.jpg,keratosis,1582,1035
keratosis.48.jpg,keratosis,1561,995
keratosis.49.jpg,keratosis,1602,1027
keratosis.5.jpg,keratosis,1584,1052
keratosis.50.jpg,keratosis,1529,996
keratosis.51.jpg,keratosis,763,458
keratosis.52.jpg,keratosis,2778,2052
keratosis.53.jpg,keratosis,716,774
keratosis.54.jpg,keratosis,640,430
keratosis.55.jpg,keratosis,387,288
keratosis.56.jpg,keratosis,380,285
keratosis.57.jpg,keratosis,380,285
keratosis.58.jpg,keratosis,380,285
keratosis.59.jpg,keratosis,685,557
keratosis.6.jpg,keratosis,1310,993
keratosis.60.jpg,keratosis,845,845
keratosis.61.jpg,keratosis,1500,1500
keratosis.62.jpg,keratosis,250,170
keratosis.63.jpg,keratosis,450,299
keratosis.64.jpg,keratosis,720,1012
keratosis.65.jpg,keratosis,1920,1280
keratosis.66.jpg,keratosis,660,396
keratosis.67.jpg,keratosis,294,222
keratosis.68.jpg,keratosis,537,353
keratosis.69.jpg,keratosis,294,222
keratosis.7.jpg,keratosis,1531,1054
keratosis.70.jpg,keratosis,704,471
keratosis.71.jpg,keratosis,299,222
keratosis.72.jpg,keratosis,304,228
keratosis.73.jpg,keratosis,304,224
keratosis.74.jpg,keratosis,298,223
keratosis.75.jpg,keratosis,297,221
keratosis.76.jpg,keratosis,304,225
keratosis.77.jpg,keratosis,800,728
keratosis.78.jpg,keratosis,1280,720
keratosis.79.jpg,keratosis,1000,669
keratosis.8.jpg,keratosis,1549,1104
keratosis.80.jpg,keratosis,550,360
keratosis.81.jpg,keratosis,480,360
keratosis.82.jpg,keratosis,743,520
keratosis.83.jpg,keratosis,654,438
keratosis.84.jpg,keratosis,183,275
keratosis.85.jpg,keratosis,246,204
keratosis.86.jpg,keratosis,239,211
keratosis.87.jpg,keratosis,278,181
keratosis.88.jpg,keratosis,275,183
keratosis.89.jpg,keratosis,227,222
keratosis.9.jpg,keratosis,1585,1063
keratosis.90.jpg,keratosis,512,349
keratosis.91.jpg,keratosis,493,335
keratosis.92.jpg,keratosis,2049,1464
keratosis.93.jpg,keratosis,453,391
keratosis.94.jpg,keratosis,281,180
keratosis.95.jpg,keratosis,520,458
keratosis.96.jpg,keratosis,294,222
keratosis.97.jpg,keratosis,495,400
keratosis.98.jpg,keratosis,294,222
keratosis.99.jpg,keratosis,294,222
milia.1.jpg,milia,1262,631
milia.10.jpg,milia,500,500
milia.100.jpg,milia,488,355
milia.101.jpg,milia,1225,633
milia.102.jpg,milia,250,192
milia.103.jpg,milia,1981,1433
milia.104.jpg,milia,289,174
milia.105.jpg,milia,200,217
milia.106.jpg,milia,1981,1433
milia.107.jpg,milia,295,217
milia.108.jpg,milia,1000,750
milia.109.jpg,milia,1100,821
milia.11.jpg,milia,678,446
milia.110.jpg,milia,816,612
milia.111.jpg,milia,1500,1125
milia.112.jpg,milia,380,261
milia.113.jpg,milia,650,433
milia.114.jpg,milia,570,347
milia.115.jpg,milia,640,458
milia.116.jpg,milia,479,360
milia.117.jpg,milia,479,360
milia.118.jpg,milia,480,360
milia.119.jpg,milia,480,276
milia.12.jpg,milia,258,195
milia.120.jpg,milia,768,512
milia.121.jpg,milia,1200,800
milia.122.jpg,milia,480,480
milia.123.jpg,milia,438,313
milia.13.jpg,milia,1297,714
milia.14.jpg,milia,855,817
milia.15.jpg,milia,910,944
milia.16.jpg,milia,916,512
milia.17.jpg,milia,541,312
milia.18.jpg,milia,1529,913
milia.19.jpg,milia,1360,714
milia.2.jpg,milia,1280,719
milia.20.jpg,milia,862,539
milia.21.jpg,milia,841,375
milia.22.jpg,milia,1450,870
milia.23.jpg,milia,727,635
milia.24.jpg,milia,1469,839
milia.25.jpg,milia,904,654
milia.26.jpg,milia,1448,1047
milia.27.jpg,milia,1574,1038
milia.28.jpg,milia,1282,630
milia.29.jpg,milia,1615,990
milia.3.jpg,milia,800,650
milia.30.jpg,milia,1452,977
milia.31.jpg,milia,1619,929
milia.32.jpg,milia,1618,1043
milia.33.jpg,milia,1626,722
milia.34.jpg,milia,1629,783
milia.35.jpg,milia,1139,704
milia.36.jpg,milia,254,343
milia.37.jpg,milia,1152,850
milia.38.jpg,milia,1607,1006
milia.39.jpg,milia,1575,870
milia.4.jpg,milia,542,360
milia.40.jpg,milia,1596,947
milia.41.jpg,milia,1020,549
milia.42.jpg,milia,512,396
milia.43.jpg,milia,355,156
milia.44.jpg,milia,352,167
milia.45.jpg,milia,318,159
milia.46.jpg,milia,1596,815
milia.47.jpg,milia,1280,719
milia.48.jpg,milia,275,184
milia.49.jpg,milia,259,194
milia.5.jpg,milia,830,415
milia.50.jpg,milia,296,170
milia.51.jpg,milia,259,194
milia.52.jpg,milia,258,195
milia.53.jpg,milia,812,650
milia.54.jpg,milia,798,799
milia.55.jpg,milia,305,165
milia.56.jpg,milia,1500,1000
milia.57.jpg,milia,1292,931
milia.58.jpg,milia,500,500
milia.59.jpg,milia,187,270
milia.6.jpg,milia,1000,667
milia.60.jpg,milia,1421,743
milia.61.jpg,milia,254,300
milia.62.jpg,milia,275,183
milia.63.jpg,milia,560,501
milia.64.jpg,milia,485,535
milia.65.jpg,milia,1000,665
milia.66.jpg,milia,1024,1024
milia.67.jpg,milia,531,368
milia.68.jpg,milia,1360,660
milia.69.jpg,milia,275,183
milia.7.jpg,milia,732,549
milia.70.jpg,milia,700,402
milia.71.jpg,milia,660,494
milia.72.jpg,milia,1100,628
milia.73.jpg,milia,311,162
milia.74.jpg,milia,1500,1000
milia.75.jpg,milia,302,190
milia.76.jpg,milia,862,630
milia.77.jpg,milia,302,190
milia.78.jpg,milia,1488,880
milia.79.jpg,milia,1169,838
milia.8.jpg,milia,650,366
milia.80.jpg,milia,453,265
milia.81.jpg,milia,400,243
milia.82.jpg,milia,302,167
milia.83.jpg,milia,380,364
milia.84.jpg,milia,272,185
milia.85.jpg,milia,1000,710
milia.86.jpg,milia,275,183
milia.87.jpg,milia,258,195
milia.88.jpg,milia,258,195
milia.89.jpg,milia,267,189
milia.9.jpg,milia,800,507
milia.90.jpg,milia,185,240
milia.91.jpg,milia,376,277
milia.92.jpg,milia,200,207
milia.93.jpg,milia,600,400
milia.94.jpg,milia,259,194
milia.95.jpg,milia,500,250
milia.96.jpg,milia,236,236
milia.97.jpg,milia,838,399
milia.98.jpg,milia,264,362
milia.99.jpg,milia,183,275
rosacea.02.jpg,rosacea,360,240
rosacea.03.jpg,rosacea,360,240
rosacea.04.jpg,rosacea,360,240
rosacea.1001.jpg,rosacea,360,241
rosacea.1002.jpg,rosacea,360,241
rosacea.1003.jpg,rosacea,360,242
rosacea.1004.jpg,rosacea,360,242
rosacea.1012.jpg,rosacea,360,232
rosacea.1021.jpg,rosacea,360,239
rosacea.1022.jpg,rosacea,360,239
rosacea.1023.jpg,rosacea,360,240
rosacea.1024.jpg,rosacea,360,240
rosacea.1031.jpg,rosacea,360,237
rosacea.1032.jpg,rosacea,360,237
rosacea.1033.jpg,rosacea,360,238
rosacea.1034.jpg,rosacea,360,238
rosacea.1041.jpg,rosacea,245,360
rosacea.1042.jpg,rosacea,246,360
rosacea.1043.jpg,rosacea,245,360
rosacea.1044.jpg,rosacea,246,360
rosacea.1051.jpg,rosacea,241,360
rosacea.1052.jpg,rosacea,242,360
rosacea.1053.jpg,rosacea,241,360
rosacea.1054.jpg,rosacea,242,360
rosacea.1062.jpg,rosacea,360,233
rosacea.1063.jpg,rosacea,360,233
rosacea.1064.jpg,rosacea,360,233
rosacea.1072.jpg,rosacea,360,240
rosacea.1073.jpg,rosacea,360,240
rosacea.1074.jpg,rosacea,360,240
rosacea.1081.jpg,rosacea,360,237
rosacea.1082.jpg,rosacea,360,237
rosacea.1091.jpg,rosacea,360,235
rosacea.1092.jpg,rosacea,360,235
rosacea.11.jpg,rosacea,360,236
rosacea.1101.jpg,rosacea,242,360
rosacea.1102.jpg,rosacea,243,360
rosacea.1104.jpg,rosacea,243,360
rosacea.111.jpg,rosacea,240,360
rosacea.1113.jpg,rosacea,247,360
rosacea.1114.jpg,rosacea,248,360
rosacea.112.jpg,rosacea,240,360
rosacea.1123.jpg,rosacea,241,360
rosacea.1124.jpg,rosacea,241,360
rosacea.113.jpg,rosacea,240,360
rosacea.114.jpg,rosacea,240,360
rosacea.1143.jpg,rosacea,243,360
rosacea.1144.jpg,rosacea,244,360
rosacea.1153.jpg,rosacea,240,360
rosacea.1154.jpg,rosacea,240,360
rosacea.1162.jpg,rosacea,244,360
rosacea.1163.jpg,rosacea,244,360
rosacea.1164.jpg,rosacea,244,360
rosacea.1171.jpg,rosacea,360,232
rosacea.1183.jpg,rosacea,360,240
rosacea.1184.jpg,rosacea,360,240
rosacea.12.jpg,rosacea,360,236
rosacea.1201.jpg,rosacea,236,360
rosacea.1203.jpg,rosacea,236,360
rosacea.121.jpg,rosacea,240,360
rosacea.122.jpg,rosacea,240,360
rosacea.1224.jpg,rosacea,360,240
rosacea.123.jpg,rosacea,240,360
rosacea.1231.jpg,rosacea,360,240
rosacea.1232.jpg,rosacea,360,240
rosacea.124.jpg,rosacea,240,360
rosacea.1251.jpg,rosacea,300,200
rosacea.1252.jpg,rosacea,300,200
rosacea.1254.jpg,rosacea,300,200
rosacea.1261.jpg,rosacea,450,444
rosacea.1262.jpg,rosacea,450,444
rosacea.1271.jpg,rosacea,1000,667
rosacea.1272.jpg,rosacea,1000,667
rosacea.1273.jpg,rosacea,1000,667
rosacea.1282.jpg,rosacea,375,174
rosacea.1284.jpg,rosacea,500,334
rosacea.141.jpg,rosacea,240,360
rosacea.142.jpg,rosacea,240,360
rosacea.143.jpg,rosacea,240,360
rosacea.144.jpg,rosacea,240,360
rosacea.151.jpg,rosacea,360,236
rosacea.154.jpg,rosacea,360,236
rosacea.162.jpg,rosacea,360,236
rosacea.163.jpg,rosacea,360,236
rosacea.173.jpg,rosacea,248,360
rosacea.174.jpg,rosacea,249,360
rosacea.183.jpg,rosacea,238,360
rosacea.184.jpg,rosacea,238,360
rosacea.193.jpg,rosacea,240,360
rosacea.194.jpg,rosacea,240,360
rosacea.201.jpg,rosacea,240,360
rosacea.202.jpg,rosacea,240,360
rosacea.203.jpg,rosacea,240,360
rosacea.204.jpg,rosacea,240,360
rosacea.21.jpg,rosacea,236,360
rosacea.211.jpg,rosacea,242,360
rosacea.212.jpg,rosacea,242,360
rosacea.213.jpg,rosacea,242,360
rosacea.221.jpg,rosacea,243,360
rosacea.222.jpg,rosacea,244,360
rosacea.223.jpg,rosacea,243,360
rosacea.224.jpg,rosacea,244,360
rosacea.23.jpg,rosacea,236,360
rosacea.231.jpg,rosacea,287,360
rosacea.232.jpg,rosacea,288,360
rosacea.233.jpg,rosacea,287,360
rosacea.234.jpg,rosacea,288,360
rosacea.24.jpg,rosacea,236,360
rosacea.241.jpg,rosacea,308,360
rosacea.243.jpg,rosacea,308,360
rosacea.244.jpg,rosacea,308,360
rosacea.251.jpg,rosacea,360,236
rosacea.252.jpg,rosacea,360,236
rosacea.253.jpg,rosacea,360,236
rosacea.254.jpg,rosacea,360,236
rosacea.273.jpg,rosacea,360,236
rosacea.274.jpg,rosacea,360,236
rosacea.281.jpg,rosacea,236,360
rosacea.282.jpg,rosacea,237,360
rosacea.283.jpg,rosacea,236,360
rosacea.284.jpg,rosacea,237,360
rosacea.291.jpg,rosacea,236,360
rosacea.292.jpg,rosacea,237,360
rosacea.293.jpg,rosacea,236,360
rosacea.294.jpg,rosacea,237,360
rosacea.303.jpg,rosacea,236,360
rosacea.304.jpg,rosacea,237,360
rosacea.31.jpg,rosacea,236,360
rosacea.32.jpg,rosacea,236,360
rosacea.321.jpg,rosacea,236,360
rosacea.322.jpg,rosacea,237,360
rosacea.324.jpg,rosacea,237,360
rosacea.33.jpg,rosacea,236,360
rosacea.331.jpg,rosacea,236,360
rosacea.332.jpg,rosacea,237,360
rosacea.333.jpg,rosacea,236,360
rosacea.334.jpg,rosacea,237,360
rosacea.341.jpg,rosacea,360,236
rosacea.342.jpg,rosacea,360,236
rosacea.343.jpg,rosacea,360,236
rosacea.344.jpg,rosacea,360,236
rosacea.353.jpg,rosacea,360,236
rosacea.354.jpg,rosacea,360,236
rosacea.363.jpg,rosacea,236,360
rosacea.364.jpg,rosacea,236,360
rosacea.371.jpg,rosacea,360,236
rosacea.372.jpg,rosacea,360,236
rosacea.373.jpg,rosacea,360,236
rosacea.374.jpg,rosacea,360,236
rosacea.383.jpg,rosacea,360,236
rosacea.384.jpg,rosacea,360,236
rosacea.391.jpg,rosacea,360,236
rosacea.392.jpg,rosacea,360,236
rosacea.393.jpg,rosacea,360,236
rosacea.394.jpg,rosacea,360,236
rosacea.403.jpg,rosacea,360,236
rosacea.404.jpg,rosacea,360,236
rosacea.41.jpg,rosacea,236,360
rosacea.411.jpg,rosacea,360,236
rosacea.412.jpg,rosacea,360,236
rosacea.42.jpg,rosacea,236,360
rosacea.422.jpg,rosacea,360,240
rosacea.424.jpg,rosacea,360,240
rosacea.433.jpg,rosacea,360,236
rosacea.434.jpg,rosacea,360,236
rosacea.44.jpg,rosacea,236,360
rosacea.441.jpg,rosacea,360,236
rosacea.442.jpg,rosacea,360,236
rosacea.443.jpg,rosacea,360,236
rosacea.444.jpg,rosacea,360,236
rosacea.453.jpg,rosacea,236,360
rosacea.454.jpg,rosacea,236,360
rosacea.461.jpg,rosacea,236,360
rosacea.462.jpg,rosacea,236,360
rosacea.463.jpg,rosacea,236,360
rosacea.464.jpg,rosacea,236,360
rosacea.471.jpg,rosacea,236,360
rosacea.472.jpg,rosacea,236,360
rosacea.473.jpg,rosacea,236,360
rosacea.474.jpg,rosacea,236,360
rosacea.481.jpg,rosacea,236,360
rosacea.482.jpg,rosacea,236,360
rosacea.483.jpg,rosacea,236,360
rosacea.484.jpg,rosacea,236,360
rosacea.491.jpg,rosacea,319,219
rosacea.492.jpg,rosacea,319,219
rosacea.493.jpg,rosacea,319,219
rosacea.494.jpg,rosacea,319,219
rosacea.501.jpg,rosacea,360,236
rosacea.502.jpg,rosacea,360,236
rosacea.503.jpg,rosacea,360,236
rosacea.504.jpg,rosacea,360,236
rosacea.51.jpg,rosacea,236,360
rosacea.511.jpg,rosacea,360,240
rosacea.512.jpg,rosacea,360,240
rosacea.513.jpg,rosacea,360,240
rosacea.514.jpg,rosacea,360,240
rosacea.52.jpg,rosacea,236,360
rosacea.521.jpg,rosacea,360,236
rosacea.522.jpg,rosacea,360,236
rosacea.523.jpg,rosacea,360,236
rosacea.524.jpg,rosacea,360,236
rosacea.53.jpg,rosacea,236,360
rosacea.531.jpg,rosacea,360,236
rosacea.532.jpg,rosacea,360,236
rosacea.533.jpg,rosacea,360,236
rosacea.534.jpg,rosacea,360,236
rosacea.54.jpg,rosacea,236,360
rosacea.541.jpg,rosacea,360,236
rosacea.542.jpg,rosacea,360,236
rosacea.551.jpg,rosacea,360,236
rosacea.552.jpg,rosacea,360,236
rosacea.553.jpg,rosacea,360,236
rosacea.554.jpg,rosacea,360,236
rosacea.563.jpg,rosacea,360,236
rosacea.564.jpg,rosacea,360,236
rosacea.572.jpg,rosacea,360,236
rosacea.573.jpg,rosacea,360,236
rosacea.574.jpg,rosacea,360,236
rosacea.581.jpg,rosacea,236,360
rosacea.582.jpg,rosacea,236,360
rosacea.583.jpg,rosacea,236,360
rosacea.584.jpg,rosacea,236,360
rosacea.591.jpg,rosacea,236,360
rosacea.592.jpg,rosacea,236,360
rosacea.593.jpg,rosacea,236,360
rosacea.594.jpg,rosacea,236,360
rosacea.601.jpg,rosacea,360,240
rosacea.602.jpg,rosacea,360,240
rosacea.603.jpg,rosacea,360,240
rosacea.611.jpg,rosacea,236,360
rosacea.612.jpg,rosacea,236,360
rosacea.613.jpg,rosacea,236,360
rosacea.614.jpg,rosacea,236,360
rosacea.63.jpg,rosacea,360,236
rosacea.631.jpg,rosacea,202,202
rosacea.632.jpg,rosacea,202,202
rosacea.633.jpg,rosacea,202,203
rosacea.634.jpg,rosacea,202,203
rosacea.64.jpg,rosacea,360,236
rosacea.641.jpg,rosacea,232,360
rosacea.642.jpg,rosacea,232,360
rosacea.651.jpg,rosacea,206,235
rosacea.652.jpg,rosacea,206,235
rosacea.653.jpg,rosacea,206,236
rosacea.654.jpg,rosacea,206,236
rosacea.661.jpg,rosacea,360,236
rosacea.662.jpg,rosacea,360,236
rosacea.671.jpg,rosacea,244,360
rosacea.672.jpg,rosacea,244,360
rosacea.673.jpg,rosacea,244,360
rosacea.674.jpg,rosacea,244,360
rosacea.681.jpg,rosacea,237,360
rosacea.682.jpg,rosacea,238,360
rosacea.683.jpg,rosacea,237,360
rosacea.684.jpg,rosacea,238,360
rosacea.691.jpg,rosacea,245,360
rosacea.692.jpg,rosacea,245,360
rosacea.693.jpg,rosacea,245,360
rosacea.694.jpg,rosacea,245,360
rosacea.701.jpg,rosacea,244,360
rosacea.702.jpg,rosacea,245,360
rosacea.703.jpg,rosacea,244,360
rosacea.704.jpg,rosacea,245,360
rosacea.71.jpg,rosacea,360,236
rosacea.711.jpg,rosacea,360,240
rosacea.712.jpg,rosacea,360,240
rosacea.713.jpg,rosacea,360,240
rosacea.714.jpg,rosacea,360,240
rosacea.72.jpg,rosacea,360,236
rosacea.722.jpg,rosacea,244,360
rosacea.723.jpg,rosacea,243,360
rosacea.724.jpg,rosacea,244,360
rosacea.73.jpg,rosacea,360,236
rosacea.731.jpg,rosacea,242,360
rosacea.732.jpg,rosacea,242,360
rosacea.733.jpg,rosacea,242,360
rosacea.734.jpg,rosacea,242,360
rosacea.74.jpg,rosacea,360,236
rosacea.751.jpg,rosacea,239,360
rosacea.752.jpg,rosacea,240,360
rosacea.753.jpg,rosacea,239,360
rosacea.754.jpg,rosacea,240,360
rosacea.763.jpg,rosacea,238,360
rosacea.764.jpg,rosacea,238,360
rosacea.771.jpg,rosacea,240,360
rosacea.772.jpg,rosacea,240,360
rosacea.773.jpg,rosacea,240,360
rosacea.774.jpg,rosacea,240,360
rosacea.781.jpg,rosacea,240,360
rosacea.782.jpg,rosacea,240,360
rosacea.783.jpg,rosacea,240,360
rosacea.784.jpg,rosacea,240,360
rosacea.791.jpg,rosacea,238,360
rosacea.792.jpg,rosacea,238,360
rosacea.793.jpg,rosacea,238,360
rosacea.794.jpg,rosacea,238,360
rosacea.802.jpg,rosacea,247,360
rosacea.803.jpg,rosacea,247,360
rosacea.804.jpg,rosacea,247,360
rosacea.812.jpg,rosacea,360,240
rosacea.813.jpg,rosacea,360,240
rosacea.821.jpg,rosacea,245,360
rosacea.822.jpg,rosacea,246,360
rosacea.823.jpg,rosacea,245,360
rosacea.824.jpg,rosacea,246,360
rosacea.83.jpg,rosacea,236,360
rosacea.832.jpg,rosacea,237,360
rosacea.833.jpg,rosacea,236,360
rosacea.834.jpg,rosacea,237,360
rosacea.84.jpg,rosacea,236,360
rosacea.841.jpg,rosacea,239,360
rosacea.842.jpg,rosacea,240,360
rosacea.843.jpg,rosacea,239,360
rosacea.844.jpg,rosacea,240,360
rosacea.851.jpg,rosacea,236,360
rosacea.853.jpg,rosacea,236,360
rosacea.854.jpg,rosacea,237,360
rosacea.861.jpg,rosacea,240,360
rosacea.862.jpg,rosacea,240,360
rosacea.863.jpg,rosacea,240,360
rosacea.864.jpg,rosacea,240,360
rosacea.871.jpg,rosacea,360,234
rosacea.872.jpg,rosacea,360,234
rosacea.874.jpg,rosacea,360,235
rosacea.882.jpg,rosacea,298,360
rosacea.883.jpg,rosacea,297,360
rosacea.884.jpg,rosacea,298,360
rosacea.901.jpg,rosacea,309,360
rosacea.903.jpg,rosacea,309,360
rosacea.904.jpg,rosacea,310,360
rosacea.913.jpg,rosacea,293,360
rosacea.914.jpg,rosacea,293,360
rosacea.92.jpg,rosacea,236,360
rosacea.921.jpg,rosacea,301,360
rosacea.922.jpg,rosacea,302,360
rosacea.923.jpg,rosacea,301,360
rosacea.924.jpg,rosacea,302,360
rosacea.93.jpg,rosacea,236,360
rosacea.933.jpg,rosacea,292,360
rosacea.934.jpg,rosacea,293,360
rosacea.94.jpg,rosacea,236,360
rosacea.941.jpg,rosacea,235,360
rosacea.942.jpg,rosacea,236,360
rosacea.943.jpg,rosacea,235,360
rosacea.944.jpg,rosacea,236,360
rosacea.953.jpg,rosacea,248,360
rosacea.954.jpg,rosacea,248,360
rosacea.971.jpg,rosacea,243,360
rosacea.972.jpg,rosacea,243,360
rosacea.973.jpg,rosacea,243,360
rosacea.974.jpg,rosacea,243,360
rosacea.991.jpg,rosacea,242,360
rosacea.992.jpg,rosacea,242,360
rosacea.993.jpg,rosacea,242,360
rosacea.994.jpg,rosacea,242,360
